"seqnames","start","end","pvalue","qvalue","meth.diff","annotation","distanceToTSS","SYMBOL","ENSEMBL","geneLength","geneStrand"
"chr1",9180076,9180076,2.61069623270158e-07,0.00589953632160684,-41.7906683480454,"Intron (uc001apq.1/80045, intron 1 of 3)",9153,"GPR157","ENSG00000180758",24754,2
"chr1",9191022,9191022,2.93894633724597e-09,0.000137065157490919,-43.6507936507937,"Promoter (1-2kb)",-1793,"GPR157","ENSG00000180758",20072,2
"chr1",12475212,12475212,6.96051692688977e-08,0.00202082084670604,-38.921568627451,"Exon (uc001atv.3/55187, exon 64 of 70)",5328,"VPS13D","ENSG00000048707",102215,1
"chr1",16275025,16275025,1.18277296965884e-08,0.000453771990094041,-47.2431077694236,"Intron (uc001axl.4/7709, intron 2 of 15)",27602,"ZBTB17","ENSG00000116809",34264,2
"chr1",16301478,16301478,4.69435483507737e-07,0.00941863005969937,-37.0205173951829,"Intron (uc001axl.4/7709, intron 1 of 15)",1149,"ZBTB17","ENSG00000116809",34264,2
"chr1",26906483,26906483,2.96781855247637e-07,0.00648912642111606,-40.4588394062078,"Distal Intergenic",25450,"MIR1976","ENSG00000238705",52,1
"chr1",26906494,26906494,1.54302460298649e-16,1.04016725429625e-10,-69.410815173527,"Distal Intergenic",25461,"MIR1976","ENSG00000238705",52,1
"chr1",27165579,27165579,4.56866877354358e-09,0.000198850190715519,-50.4086538461539,"Intron (uc021ojq.1/uc021ojq.1, intron 1 of 1)",7070,"ZDHHC18","ENSG00000204160",18589,1
"chr1",43419773,43419773,3.55577872221808e-08,0.00117647340817059,-44.2435942435942,"Intron (uc001cik.2/6513, intron 1 of 9)",-4947,"SLC2A1-DT","ENSG00000227533",24310,1
"chr1",62037634,62037634,1.25889631778869e-12,2.34847189791344e-07,-60.1890756302521,"Distal Intergenic",-82280,"MGC34796",NA,1887,1
"chr1",64660725,64660725,1.43701627916174e-07,0.00363099353512211,-48.1537530266344,"Distal Intergenic",-8765,"UBE2U","ENSG00000177414",40538,1
"chr1",66731586,66731586,5.4504610497525e-08,0.00165359313293188,-38.4453781512605,"Intron (uc001dcn.3/5142, intron 6 of 16)",-66207,"PDE4B","ENSG00000184588",42470,1
"chr1",67631963,67631963,8.12080178198611e-09,0.000329638873503397,-46.9130869130869,"Promoter (<=1kb)",-206,"IL23R","ENSG00000162594",93482,1
"chr1",89444725,89444725,1.72714980313153e-08,0.000627652215118905,-33.8874680306905,"Intron (uc001dmp.2/56267, intron 2 of 13)",13918,"RBMXL1","ENSG00000213516",13505,2
"chr1",93443139,93443139,6.34446658214576e-10,3.6121656283178e-05,-54.4505494505494,"Distal Intergenic",-16060,"DIPK1A","ENSG00000154511",119363,2
"chr1",95508282,95508282,3.14347685736244e-09,0.000145060753436933,-43.3232931726908,"Intron (uc001dra.2/199857, intron 2 of 3)",30225,"ALG14","ENSG00000172339",90229,2
"chr1",95508362,95508362,7.1523281908053e-08,0.00206284745216992,-35.8090185676393,"Intron (uc001dra.2/199857, intron 2 of 3)",30145,"ALG14","ENSG00000172339",90229,2
"chr1",101248722,101248722,5.99081471060951e-08,0.00176857181937468,-34.4758334449056,"Distal Intergenic",63526,"VCAM1","ENSG00000162692",19406,1
"chr1",101358601,101358601,5.72172422313155e-08,0.00170636861169839,-40.9122203098107,"Intron (uc001dtk.2/2135, intron 1 of 4)",2134,"EXTL2","ENSG00000162694",22808,2
"chr1",112145852,112145852,3.58603604725025e-08,0.00117759689498518,-46.8561584840655,"Intron (uc001ebi.3/5906, intron 1 of 7)",5088,"LINC01160",NA,9312,2
"chr1",156691529,156691529,2.01424715263837e-07,0.00482530684200312,-43.8177271464296,"Distal Intergenic",6176,"ISG20L2","ENSG00000143319",5293,2
"chr1",170010874,170010874,1.09565001880195e-07,0.00297120484510587,-32.95978905735,"Exon (uc010ply.2/22920, exon 4 of 21)",-15832,"KIFAP3","ENSG00000075945",104573,2
"chr1",170508571,170508571,3.50232395213499e-07,0.00740169296686631,-40.3968253968254,"5' UTR",368,"GORAB","ENSG00000120370",14772,1
"chr1",172871916,172871916,2.66599303414784e-08,0.000909534441909664,-42.0258620689655,"Distal Intergenic",148187,"TNFSF18","ENSG00000120337",9744,2
"chr1",173164798,173164798,2.09055699340141e-07,0.00492090300897837,-41.2313432835821,"Intron (uc001giv.3/7292, intron 1 of 2)",9899,"TNFSF4","ENSG00000117586",21828,2
"chr1",173267119,173267119,1.76949351979523e-07,0.00437032652264382,-37.7364864864865,"Intron (uc001gix.1/100506023, intron 2 of 2)",-90648,"TNFSF4","ENSG00000117586",23602,2
"chr1",185029672,185029672,1.8731178406365e-10,1.32445338491775e-05,-42.3557886244453,"Intron (uc001grc.1/6045, intron 1 of 6)",15121,"RNF2","ENSG00000121481",57190,1
"chr1",192498705,192498705,5.82920048763303e-11,5.21526257933661e-06,-44.7259136212625,"Distal Intergenic",-46152,"RGS1","ENSG00000090104",3229,1
"chr1",192498783,192498783,1.88177942820513e-07,0.00458830691479879,-40.351198097677,"Distal Intergenic",-46074,"RGS1","ENSG00000090104",3229,1
"chr1",192520602,192520602,1.53224515093978e-13,3.63094603264566e-08,-60.2941176470588,"Distal Intergenic",-24255,"RGS1","ENSG00000090104",3229,1
"chr1",199141566,199141566,2.60875753884135e-07,0.00589953632160684,-39.157196969697,"Distal Intergenic",-235008,"MIR181A1HG",NA,129427,2
"chr1",205795767,205795767,1.00645706331424e-08,0.000397498542017212,-48.0895915678524,"Distal Intergenic",-13606,"SLC41A1","ENSG00000133065",23941,2
"chr1",212855873,212855873,2.87538662565327e-12,4.583812254021e-07,-54.4097920858484,"Distal Intergenic",17454,"BATF3","ENSG00000123685",13569,2
"chr1",212954610,212954610,1.19408296099832e-08,0.000455197562267184,-34.8911651728553,"Intron (uc001hjm.3/25936, intron 4 of 6)",10529,"NSL1","ENSG00000117697",65645,2
"chr1",212954618,212954618,1.19559216416014e-10,9.35962178901021e-06,-43.5817805383023,"Intron (uc001hjm.3/25936, intron 4 of 6)",10521,"NSL1","ENSG00000117697",65645,2
"chr1",219798594,219798594,2.99661083913076e-08,0.00101836602662981,-49.9056603773585,"Distal Intergenic",-248025,"RNU5F-1","ENSG00000199377",246159,1
"chr1",221336492,221336492,3.45627222924109e-07,0.00735536092439985,-39.3665158371041,"Distal Intergenic",173146,"LINC02817","ENSG00000234754",6369,2
"chr1",224407495,224407495,3.04397139498118e-10,1.97696991712118e-05,-51.5411308430292,"Distal Intergenic",36585,"DEGS1","ENSG00000143753",10233,1
"chr1",236323268,236323268,4.83162143683729e-08,0.00149692391356394,-50.6923076923077,"Intron (uc001hxq.3/7107, intron 1 of 6)",17436,"GPR137B","ENSG00000077585",66378,1
"chr10",3493122,3493122,1.8945315918407e-09,9.02770358521665e-05,-55.8510638297872,"Intron (uc001igy.1/uc001igy.1, intron 1 of 1)",-278089,"PITRM1","ENSG00000107959",34607,2
"chr10",3800461,3800461,3.78461920729087e-07,0.00788194419516515,-48.8512241054614,"Distal Intergenic",27012,"KLF6","ENSG00000067082",9286,2
"chr10",3907922,3907922,5.06389596458174e-17,4.0363177891362e-11,-57.5,"Distal Intergenic",-80449,"KLF6","ENSG00000067082",4955,2
"chr10",3921655,3921655,1.53756291207456e-10,1.10501030073577e-05,-43.1043956043956,"Distal Intergenic",-94182,"KLF6","ENSG00000067082",4955,2
"chr10",3929019,3929019,1.39287789476844e-10,1.04510392903471e-05,-55.2832244008715,"Distal Intergenic",-101546,"KLF6","ENSG00000067082",4955,2
"chr10",3929033,3929033,1.418382996577e-08,0.000522528306021937,-43.3333333333333,"Distal Intergenic",-101560,"KLF6","ENSG00000067082",4955,2
"chr10",3929072,3929072,3.72094013422875e-12,5.72362391344635e-07,-50.1587301587302,"Distal Intergenic",-101599,"KLF6","ENSG00000067082",4955,2
"chr10",3929103,3929103,1.61430133928672e-12,2.7752856709999e-07,-53.2192919933476,"Distal Intergenic",-101630,"KLF6","ENSG00000067082",4955,2
"chr10",3929105,3929105,2.40378709021165e-08,0.000836351268717337,-38.5480093676815,"Distal Intergenic",-101632,"KLF6","ENSG00000067082",4955,2
"chr10",3929142,3929142,8.84088408931225e-09,0.000357214619961466,-41.5254237288136,"Distal Intergenic",-101669,"KLF6","ENSG00000067082",4955,2
"chr10",5624810,5624810,4.55561303415713e-08,0.00142145714015855,-49.3506493506493,"Distal Intergenic",57886,"CALML3","ENSG00000178363",1302,1
"chr10",6100768,6100768,1.89218143558972e-09,9.02770358521665e-05,-49.2560515212081,"Intron (uc001iiz.2/3559, intron 1 of 7)",3565,"IL2RA","ENSG00000134460",51677,2
"chr10",6392194,6392194,3.0438619418824e-07,0.00663883935633081,-44.4444444444444,"Distal Intergenic",72544,"LINC02649","ENSG00000215244",58288,1
"chr10",11241913,11241913,3.17169062150228e-10,2.01169333388401e-05,-50.026525198939,"Intron (uc010qbi.2/10659, intron 2 of 7)",34464,"CELF2","ENSG00000048740",167157,1
"chr10",11241938,11241938,9.15148185798238e-10,4.95301531636744e-05,-52.5,"Intron (uc010qbi.2/10659, intron 2 of 7)",34489,"CELF2","ENSG00000048740",167157,1
"chr10",11315630,11315630,1.15398452991575e-10,9.11528538815985e-06,-45.7336037863421,"Intron (uc010qbi.2/10659, intron 5 of 7)",108181,"CELF2","ENSG00000048740",167157,1
"chr10",11318573,11318573,3.91762557435319e-12,5.9222698866947e-07,-51.3684210526316,"Intron (uc010qbi.2/10659, intron 6 of 7)",111124,"CELF2","ENSG00000048740",167157,1
"chr10",11318591,11318591,1.24514540046431e-11,1.42961981619915e-06,-55.131748664087,"Intron (uc010qbi.2/10659, intron 6 of 7)",111142,"CELF2","ENSG00000048740",167157,1
"chr10",12677358,12677358,1.09901568055478e-12,2.14043620246371e-07,-58.4967320261438,"Intron (uc001iln.3/57118, intron 2 of 9)",56606,"MIR4480","ENSG00000263584",71,1
"chr10",27027832,27027832,4.34052370861547e-07,0.00889183972882563,-43.6206896551724,"Intron (uc001isv.3/23590, intron 10 of 11)",4368,"PDSS1","ENSG00000148459",12263,1
"chr10",31036816,31036816,1.88391671235003e-07,0.00458830691479879,-33.8235294117647,"Distal Intergenic",-118169,"LYZL2","ENSG00000151033",17940,2
"chr10",31037330,31037330,3.12736851188275e-07,0.00678720483835759,-32.2589608224507,"Distal Intergenic",-118683,"LYZL2","ENSG00000151033",17940,2
"chr10",31500223,31500223,5.35584750952896e-13,1.1180781886777e-07,-60.9176788124157,"Distal Intergenic",-107201,"ZEB1","ENSG00000148516",211319,1
"chr10",31919921,31919921,4.41997153948435e-09,0.000193768304728067,-45.4166666666667,"Distal Intergenic",177558,"ARHGAP12","ENSG00000165322",3154,2
"chr10",70813749,70813749,9.83215027429774e-08,0.00271945895190932,-41.3265306122449,"Distal Intergenic",-34079,"SRGN","ENSG00000122862",16740,1
"chr10",76443559,76443559,4.66285059549551e-07,0.00941863005969937,-41.5553809897879,"Intron (uc001jwi.3/132, intron 10 of 10)",-142612,"KAT6B","ENSG00000156650",206210,1
"chr10",78271059,78271059,2.24288921367879e-07,0.00517508500897328,-47.3289315726291,"Intron (uc001jxi.3/83938, intron 5 of 5)",599042,"KCNMA1","ENSG00000156113",226228,2
"chr10",80674563,80674563,3.91528964838517e-08,0.00125746096290127,-45.1397849462366,"Distal Intergenic",152642,"ZMIZ1-AS1","ENSG00000224596",124123,2
"chr10",80674586,80674586,5.67839766282116e-09,0.000240518629323417,-46.0401754791041,"Distal Intergenic",152619,"ZMIZ1-AS1","ENSG00000224596",124123,2
"chr10",80674635,80674635,7.70784887497608e-12,9.65875286410396e-07,-64.3057222889156,"Distal Intergenic",152570,"ZMIZ1-AS1","ENSG00000224596",124123,2
"chr10",81915574,81915574,5.88816174435862e-08,0.00174413976054533,-45.8333333333333,"3' UTR",15502,"ANXA11","ENSG00000122359",16197,2
"chr10",89870787,89870787,4.16315388969844e-07,0.00858868741917986,-45.8333333333333,"Distal Intergenic",247592,"PTEN","ENSG00000171862",105338,1
"chr10",90603196,90603196,1.16364469440973e-07,0.00308237633945148,-34.6244825547014,"Intron (uc001kfj.4/118932, intron 1 of 5)",8536,"ANKRD22","ENSG00000152766",32074,2
"chr10",92759788,92759788,3.18527568265916e-10,2.01169333388401e-05,-56.4625850340136,"Distal Intergenic",-45777,"LINC00502",NA,16352,1
"chr10",105619969,105619969,6.73297952378809e-09,0.000279780924439021,-50.125313283208,"Distal Intergenic",-4805,"SH3PXD2A","ENSG00000107957",261381,2
"chr10",112127882,112127882,1.26627962108844e-08,0.000474936035348027,-52.0010964912281,"Distal Intergenic",-63175,"SMNDC1","ENSG00000119953",11910,2
"chr10",112127900,112127900,1.15265449199417e-11,1.34750736050793e-06,-57.9601990049751,"Distal Intergenic",-63193,"SMNDC1","ENSG00000119953",11910,2
"chr10",112155666,112155666,8.27924056739343e-16,4.53694779154286e-10,-60.2526926263463,"Distal Intergenic",-90959,"SMNDC1","ENSG00000119953",11910,2
"chr10",112170649,112170649,2.55452550665643e-07,0.00581758552107287,-41.8449197860963,"Distal Intergenic",-86976,"DUSP5","ENSG00000138166",13678,1
"chr11",9115360,9115360,1.97435649709472e-07,0.00474812323871433,-47.0418931883594,"Promoter (<=1kb)",-550,"KRT8P41","ENSG00000213538",1828,1
"chr11",32969630,32969630,2.04213896242747e-07,0.00486553650306384,-39.4704433497537,"Intron (uc001mty.3/79832, intron 4 of 12)",14992,"QSER1","ENSG00000060749",42539,1
"chr11",34200021,34200021,1.43038113853834e-07,0.00362467388119025,-41.9058553386912,"Intron (uc001mvl.2/25841, intron 3 of 16)",72910,"NAT10","ENSG00000135372",41348,1
"chr11",34265353,34265353,6.51162060712658e-11,5.70929326039264e-06,-52.830615942029,"Intron (uc001mvl.2/25841, intron 1 of 16)",114202,"ABTB2","ENSG00000166016",207022,2
"chr11",34265889,34265889,9.26690127407117e-11,7.59353538360692e-06,-49.4505494505494,"Intron (uc001mvl.2/25841, intron 1 of 16)",113666,"ABTB2","ENSG00000166016",207022,2
"chr11",34267823,34267823,2.91631723581639e-10,1.90819708748456e-05,-43.1818181818182,"Intron (uc001mvl.2/25841, intron 1 of 16)",111732,"ABTB2","ENSG00000166016",207022,2
"chr11",35881064,35881064,1.13999586250873e-09,5.84521415243294e-05,-46.0576923076923,"Distal Intergenic",-84548,"LDLRAD3","ENSG00000179241",287230,1
"chr11",35993855,35993855,6.41123313876418e-12,8.51708333836555e-07,-48.337552742616,"Intron (uc001mwk.1/143458, intron 1 of 5)",28243,"LDLRAD3","ENSG00000179241",287230,1
"chr11",36368794,36368794,1.26598011840523e-10,9.82294481684781e-06,-48.0747235989325,"Intron (uc001mwo.4/79899, intron 1 of 8)",-28741,"PRR5L","ENSG00000135362",89220,1
"chr11",48125446,48125446,7.71126861493568e-12,9.65875286410396e-07,-57.655272026962,"Intron (uc001ngo.4/5795, intron 1 of 8)",-31797,"PTPRJ","ENSG00000149177",4086,1
"chr11",60712094,60712094,9.08504997106668e-10,4.94760143495701e-05,-51.370420624152,"Intron (uc001nqn.2/51296, intron 2 of 7)",7163,"SLC15A3","ENSG00000110446",14703,2
"chr11",65824142,65824142,5.10903698241e-10,3.0267084791464e-05,-55.8771929824561,"Intron (uc001ogx.1/10992, intron 5 of 5)",4326,"SF3B2","ENSG00000087365",16567,1
"chr11",74316701,74316701,3.50966460862773e-09,0.000157806274589776,-39.2741935483871,"Intron (uc001ovf.2/10714, intron 3 of 11)",13051,"POLD3","ENSG00000077514",50456,1
"chr11",82619791,82619791,5.2768847279702e-08,0.00160649131455893,-38.4024577572965,"Intron (uc001ozt.3/220042, intron 1 of 5)",7054,"DDIAS","ENSG00000165490",56583,1
"chr11",82707162,82707162,3.73952457374992e-17,3.27876019413919e-11,-64.7619047619048,"Intron (uc009yve.3/27314, intron 2 of 4)",1293,"RAB30","ENSG00000137502",10390,2
"chr11",95289513,95289513,4.70241604138067e-11,4.34000977191193e-06,-56.1751152073733,"Distal Intergenic",233441,"FAM76B","ENSG00000077458",20849,2
"chr11",95424972,95424972,3.16485092436618e-07,0.00683471621467925,-39.1549295774648,"Distal Intergenic",97982,"FAM76B","ENSG00000077458",20849,2
"chr11",102164294,102164294,3.48894419335714e-21,1.52952749943842e-14,-65.9973226238287,"Distal Intergenic",-23887,"BIRC3","ENSG00000023445",21955,1
"chr11",102164317,102164317,1.1347747922089e-17,1.989907724701e-11,-67.1840354767184,"Distal Intergenic",-23864,"BIRC3","ENSG00000023445",21955,1
"chr11",102216920,102216920,8.01916468984491e-08,0.00227543228441292,-43.9143135345667,"Promoter (<=1kb)",-993,"BIRC2","ENSG00000110330",31489,1
"chr11",102422302,102422302,3.4479922514532e-09,0.000156639841347263,-49.0144230769231,"Distal Intergenic",-20824,"MMP7","ENSG00000137673",3762,2
"chr11",102422347,102422347,1.7646697335135e-07,0.00437032652264382,-48.6868686868687,"Distal Intergenic",-20869,"MMP7","ENSG00000137673",3762,2
"chr11",102423444,102423444,3.62395547986628e-09,0.000162113821984898,-48.1256771397616,"Distal Intergenic",-21966,"MMP7","ENSG00000137673",3762,2
"chr11",110220672,110220672,1.77777274097337e-08,0.000638821727460989,-47.7838494231937,"Intron (uc001pkv.1/uc001pkv.1, intron 3 of 5)",-53235,"RDX","ENSG00000137710",67272,2
"chr11",110220682,110220682,7.34804808647832e-15,2.3507734863892e-09,-65.8925979680697,"Intron (uc001pkv.1/uc001pkv.1, intron 3 of 5)",-53245,"RDX","ENSG00000137710",67272,2
"chr11",111672904,111672904,1.20193112597441e-09,6.09153496495474e-05,-48.4935755427559,"Intron (uc001ply.3/79796, intron 14 of 14)",-35735,"PPP2R1B","ENSG00000137713",28565,2
"chr11",111677219,111677219,8.11042776970455e-08,0.00229390447940338,-36.1545988258317,"Intron (uc001ply.3/79796, intron 14 of 14)",-40050,"PPP2R1B","ENSG00000137713",28565,2
"chr11",123253117,123253117,1.94769393178608e-15,8.53854709063039e-10,-60.2873030583874,"Promoter (<=1kb)",-897,"MIR4493","ENSG00000265357",73,2
"chr11",124993711,124993711,5.88427303231965e-10,3.39423955634398e-05,-46.8354430379747,"Distal Intergenic",-12052,"TMEM218","ENSG00000150433",17394,2
"chr12",778359,778359,2.93465859494589e-11,2.85896170154302e-06,-56.3348416289593,"Distal Intergenic",-5604,"NINJ2","ENSG00000171840",98230,2
"chr12",4085933,4085933,1.29994824282414e-10,9.91109144899504e-06,-50.3001876172608,"Distal Intergenic",-103325,"PARP11","ENSG00000111224",64582,2
"chr12",6889970,6889970,4.90948279931836e-07,0.00976091241233687,-44.1025641025641,"Distal Intergenic",8289,"LAG3","ENSG00000089692",5941,1
"chr12",10768457,10768457,7.04662084606462e-08,0.0020390671973901,-45.6605593056895,"Distal Intergenic",-2249,"MAGOHB","ENSG00000111196",9845,2
"chr12",11977151,11977151,4.1776235515738e-15,1.62906462927516e-09,-63.4699453551913,"Intron (uc001qzz.3/2120, intron 2 of 7)",-45207,"ETV6","ENSG00000139083",245904,1
"chr12",19535116,19535116,1.10743601483223e-07,0.0029876419202726,-43.8914027149321,"Distal Intergenic",-57492,"AEBP2","ENSG00000139154",82566,1
"chr12",26325269,26325269,1.12695889213516e-07,0.00301250303664667,-52.0833333333333,"Intron (uc001rhc.3/uc001rhc.3, intron 1 of 1)",-23000,"SSPN","ENSG00000123096",39440,1
"chr12",47612073,47612073,4.95174620208101e-11,4.52251906700445e-06,-58.0592105263158,"Promoter (1-2kb)",-1847,"PCED1B-AS1","ENSG00000247774",8024,2
"chr12",53966310,53966310,3.45502553750767e-10,2.14845079422763e-05,-52.3146976979509,"Intron (uc010sok.1/11016, intron 2 of 12)",53470,"ATF7","ENSG00000170653",83112,2
"chr12",86198555,86198555,2.09829019611422e-07,0.00492090300897837,-36.1075268817204,"Exon (uc001taf.1/9182, exon 2 of 2)",31763,"RASSF9","ENSG00000198774",31988,2
"chr12",89562930,89562930,3.05224626577285e-07,0.00664060712959035,-40.3225806451613,"Distal Intergenic",-149461,"LINC02458","ENSG00000246363",8567,2
"chr12",92248493,92248493,2.84595722136207e-07,0.00633323215861074,-37.9393939393939,"Distal Intergenic",286996,"LINC01619","ENSG00000257242",156738,2
"chr12",92458979,92458979,3.67056137568804e-08,0.00120085607294375,-56.4482029598309,"Intron (uc031qiz.1/256021, intron 1 of 5)",76510,"LINC01619","ENSG00000257242",156738,2
"chr12",92897319,92897319,9.52235776410770e-12,1.15959213291711e-06,-58.2181259600614,"Distal Intergenic",-75395,"CLLU1-AS1","ENSG00000205057",8055,2
"chr12",92947267,92947267,8.94314087893984e-11,7.41977550566252e-06,-37.9071379071379,"Distal Intergenic",-125343,"CLLU1-AS1","ENSG00000205057",8055,2
"chr12",92947389,92947389,4.57057107735928e-11,4.26320165565689e-06,-59.8090849242923,"Distal Intergenic",-125465,"CLLU1-AS1","ENSG00000205057",8055,2
"chr12",94018875,94018875,1.66087883501979e-16,1.04016725429625e-10,-64.9206349206349,"Distal Intergenic",-52276,"CRADD","ENSG00000169372",173381,1
"chr12",95046757,95046757,5.57020336287649e-08,0.00167255905983322,-41.8643439584878,"Distal Intergenic",-2433,"TMCC3","ENSG00000057704",83425,2
"chr12",105032606,105032606,3.5033691412889e-07,0.00740169296686631,-36.7314431347563,"Intron (uc001tky.3/50515, intron 2 of 2)",47195,"MIR3922","ENSG00000264295",84,1
"chr12",105169942,105169942,1.18516796680973e-08,0.000453771990094041,-46.883230904302,"Distal Intergenic",152530,"SLC41A2","ENSG00000136052",125198,2
"chr12",112516042,112516042,5.03903237801346e-07,0.00995078725386465,-42.0689655172414,"Exon (uc001ttm.3/80018, exon 7 of 24)",30593,"NAA25","ENSG00000111300",82143,2
"chr12",112587381,112587381,3.06861901373658e-10,1.9783235720903e-05,-47.979797979798,"Intron (uc010syj.1/10906, intron 8 of 8)",24032,"TRAFD1","ENSG00000135148",28060,1
"chr12",112587570,112587570,1.85463262650643e-08,0.000663720258444106,-47.3447131341868,"Exon (uc010syj.1/10906, exon 9 of 9)",24221,"TRAFD1","ENSG00000135148",28060,1
"chr12",112587725,112587725,1.01433214134935e-07,0.00279670288042618,-39.6153846153846,"Intron (uc001tto.3/10906, intron 9 of 11)",24376,"TRAFD1","ENSG00000135148",28060,1
"chr12",112590515,112590515,1.50674217628564e-10,1.09197542337463e-05,-57.9487179487179,"Intron (uc001tto.3/10906, intron 11 of 11)",27166,"TRAFD1","ENSG00000135148",28060,1
"chr12",116978591,116978591,1.54927810572463e-11,1.69871911173207e-06,-54.9603174603175,"Distal Intergenic",7351,"LINC00173","ENSG00000196668",3079,1
"chr12",120450060,120450060,1.27797837227911e-10,9.82905839462007e-06,-50.5882352941176,"Intron (uc001txk.2/92558, intron 2 of 6)",22412,"BICDL1","ENSG00000135127",104652,1
"chr12",120450067,120450067,9.92839720888262e-12,1.19247572266476e-06,-52.917921686747,"Intron (uc001txk.2/92558, intron 2 of 6)",22419,"BICDL1","ENSG00000135127",104652,1
"chr12",121347724,121347724,8.02276770244518e-14,2.06889553745228e-08,-69.6428571428571,"Distal Intergenic",-5569,"SPPL3","ENSG00000157837",141843,2
"chr12",121967261,121967261,2.84203759530252e-07,0.00633323215861074,-30.1904761904762,"Intron (uc001uas.3/84678, intron 8 of 22)",-19419,"KDM2B","ENSG00000089094",80943,2
"chr12",121972549,121972549,1.03671473727734e-11,1.22834627996495e-06,-43.5496010838477,"Intron (uc001uas.3/84678, intron 6 of 22)",-24707,"KDM2B","ENSG00000089094",80943,2
"chr12",121972596,121972596,1.43361186837152e-10,1.06522866045267e-05,-49.2626346313173,"Intron (uc001uas.3/84678, intron 6 of 22)",-24754,"KDM2B","ENSG00000089094",80943,2
"chr12",133069394,133069394,2.79147290081958e-07,0.00624367964001355,-41.0144927536232,"Intron (uc001ukf.3/57666, intron 1 of 16)",2237,"FBRSL1","ENSG00000112787",94617,1
"chr13",27705648,27705648,4.70791592033028e-13,1.00678816984364e-07,-55.4853041695147,"Intron (uc001uqy.3/219333, intron 1 of 8)",40385,"USP12","ENSG00000152484",105747,2
"chr13",28590241,28590241,1.90160267585164e-10,1.33383782578515e-05,-53.4373586612393,"Intron (uc001urw.3/2322, intron 20 of 23)",-27467,"URAD","ENSG00000183463",10532,2
"chr13",28590256,28590256,3.29288428248965e-14,9.31339532296356e-09,-58.8308457711443,"Intron (uc001urw.3/2322, intron 20 of 23)",-27482,"URAD","ENSG00000183463",10532,2
"chr13",28609567,28609567,6.74410747510728e-11,5.80499864152539e-06,-53.9795675932526,"Intron (uc001urw.3/2322, intron 12 of 23)",-46793,"URAD","ENSG00000183463",10532,2
"chr13",30328312,30328312,1.04615524122547e-08,0.000409488188530385,-42.9807692307692,"Distal Intergenic",96508,"UBL3","ENSG00000122042",86276,2
"chr13",43571711,43571711,3.50361380159729e-16,2.04794473054176e-10,-62.6543209876543,"Distal Intergenic",-5304,"EPSTI1","ENSG00000133106",105884,2
"chr13",71814225,71814225,1.87550179135652e-09,9.02770358521665e-05,-40.3936269915651,"Distal Intergenic",224952,"LINC00348","ENSG00000226846",153277,1
"chr13",75882527,75882527,2.0401394176777e-10,1.40847579659378e-05,-51.4743440910146,"Intron (uc010tht.1/9882, intron 3 of 9)",8212,"TBC1D4","ENSG00000136111",31931,2
"chr13",100006732,100006732,1.64017058627951e-08,0.000599198944927478,-44.2857142857143,"Promoter (1-2kb)",-1653,"MIR623","ENSG00000207719",98,1
"chr13",100048029,100048029,1.14901289532494e-08,0.000443805119794908,-32.8364389233954,"Intron (uc021rly.1/100616144, intron 1 of 1)",10525,"MIR548AN","ENSG00000263515",190293,2
"chr14",21675474,21675474,4.37570309060117e-13,9.83731325411074e-08,-56.278801843318,"Promoter (<=1kb)",-415,"LINC00641","ENSG00000258441",6822,2
"chr14",45691726,45691726,2.0564025417029e-07,0.00488624262827537,-37.3214285714286,"Intron (uc001wwf.3/55320, intron 11 of 16)",30879,"MIS18BP1","ENSG00000129534",50213,2
"chr14",76017721,76017721,2.28574137282045e-09,0.000107747550905104,-49.5839753466872,"Distal Intergenic",-27219,"FLVCR2","ENSG00000119686",69573,1
"chr14",92284455,92284455,7.42773242409635e-08,0.00212827667950812,-45.3501722158439,"Intron (uc001xzt.4/123036, intron 1 of 11)",18394,"TC2N","ENSG00000165929",56583,2
"chr14",103230773,103230773,1.22290405724047e-07,0.0031818242504613,-43.3333333333333,"Distal Intergenic",-13043,"TRAF3","ENSG00000131323",134022,1
"chr15",80241024,80241024,1.02355762224484e-10,8.30963224126589e-06,-54.0175953079179,"Distal Intergenic",22619,"BCL2A1","ENSG00000140379",10412,2
"chr15",80258458,80258458,2.48351194210616e-08,0.000857286132187449,-44.2851531814611,"Intron (uc002bfc.4/597, intron 1 of 1)",5185,"BCL2A1","ENSG00000140379",10412,2
"chr15",85909637,85909637,5.1735203503059e-09,0.000222356206790586,-35.3519768563163,"Distal Intergenic",-14210,"AKAP13","ENSG00000170776",156381,1
"chr15",89015571,89015571,2.71855368788188e-07,0.00609613279929844,-42.8262436914203,"Intron (uc002bml.3/64963, intron 2 of 5)",4887,"MRPS11","ENSG00000181991",11178,1
"chr16",10869174,10869174,3.21636322511694e-09,0.000147647121020282,-43.5897435897436,"Promoter (<=1kb)",-221,"TVP23A","ENSG00000166676",8421,2
"chr16",10869227,10869227,2.79568366634702e-12,4.53928584485702e-07,-51.5873015873016,"Promoter (<=1kb)",-274,"TVP23A","ENSG00000166676",8421,2
"chr16",10869234,10869234,2.08037987242247e-12,3.44159717181673e-07,-56.0530679933665,"Promoter (<=1kb)",-281,"TVP23A","ENSG00000166676",8421,2
"chr16",11253834,11253834,2.86546413189425e-07,0.00636049833669413,-46.0287081339713,"Intron (uc002dao.3/23274, intron 21 of 22)",33998,"CLEC16A","ENSG00000038532",56211,1
"chr16",11277250,11277250,5.23990011366451e-12,7.208342757742e-07,-55.863539445629,"Distal Intergenic",57414,"CLEC16A","ENSG00000038532",56211,1
"chr16",11702382,11702382,2.1482488755526e-09,0.000101813678144637,-48.6881820292547,"Distal Intergenic",-21060,"LITAF","ENSG00000189067",39745,2
"chr16",15740943,15740943,2.04338408579744e-17,2.23951142375157e-11,-61.8684843624699,"Intron (uc010uzy.2/54820, intron 1 of 9)",-3140,"NDE1","ENSG00000072864",76126,1
"chr16",15833482,15833482,1.13921152338111e-07,0.0030267997668023,-41.2167187267589,"Intron (uc002ddv.3/4629, intron 24 of 42)",-14487,"MYH11","ENSG00000133392",12245,2
"chr16",27263387,27263387,2.89898879629584e-07,0.00641866357600568,-34.5945945945946,"Intron (uc002doi.1/197370, intron 2 of 7)",-16139,"NSMCE1-DT","ENSG00000245888",22264,1
"chr16",31032063,31032063,1.84834462876071e-10,1.31756212127351e-05,-51.174168297456,"Distal Intergenic",-10234,"STX1B","ENSG00000099365",17427,2
"chr16",47009912,47009912,1.267528454586e-08,0.000474936035348027,-35.8095238095238,"Distal Intergenic",-2287,"DNAJA2","ENSG00000069345",18352,2
"chr16",47010083,47010083,1.90191719280441e-07,0.00461931591710199,-41.5771936319882,"Distal Intergenic",-2458,"DNAJA2","ENSG00000069345",18352,2
"chr16",48465044,48465044,2.0990517459139e-07,0.00492090300897837,-39.6992481203008,"Intron (uc002efl.3/6477, intron 1 of 6)",17265,"SIAH1","ENSG00000196470",92035,2
"chr16",50118058,50118058,1.25550377285342e-11,1.42961981619915e-06,-50.9608277900961,"Promoter (<=1kb)",-377,"HEATR3","ENSG00000155393",20941,1
"chr16",57086012,57086012,7.02419979911055e-10,3.9227485118464e-05,-51.1804613297151,"Intron (uc021tiu.1/84166, intron 23 of 47)",6652,"NLRC5","ENSG00000140853",38077,1
"chr16",79135559,79135559,1.97661271482065e-07,0.00474812323871433,-47.7873788949987,"Intron (uc002ffk.3/51741, intron 8 of 8)",499063,"MAF","ENSG00000178573",6878,2
"chr17",7801960,7801960,1.18232065520502e-07,0.00310371669563307,-38.2258463059056,"Intron (uc002gjd.2/1107, intron 13 of 39)",-5183,"CHD3","ENSG00000170004",8933,1
"chr17",9004651,9004651,1.19563881109644e-07,0.00312930907378333,-41.8883672404799,"Intron (uc002glw.4/9423, intron 2 of 6)",79792,"NTN1","ENSG00000065320",222459,1
"chr17",14277172,14277172,7.02106407428129e-12,9.18800866589233e-07,-52.1645021645022,"Distal Intergenic",70115,"MGC12916","ENSG00000266709",2006,1
"chr17",30114073,30114073,1.07023042627089e-13,2.60656197436737e-08,-55.0017674089784,"Distal Intergenic",72253,"COPRS","ENSG00000172301",7443,2
"chr17",30114148,30114148,3.63260397346337e-10,2.24296745281743e-05,-40.1891252955083,"Distal Intergenic",72178,"COPRS","ENSG00000172301",7443,2
"chr17",34207454,34207454,8.00096047399949e-09,0.000327809559340779,-44.8717948717949,"Promoter (<=1kb)",-77,"CCL5","ENSG00000271503",8882,2
"chr17",34247014,34247014,8.17549529830405e-08,0.00230487271352492,-36.1733490566038,"Intron (uc002hkg.4/201299, intron 4 of 4)",10289,"RDM1","ENSG00000278023",12219,2
"chr17",38737711,38737711,9.3176201304236e-10,5.01199534257558e-05,-47.008547008547,"Distal Intergenic",-15975,"CCR7","ENSG00000126353",11715,2
"chr17",38737793,38737793,1.26457536102989e-08,0.000474936035348027,-43.7218045112782,"Distal Intergenic",-16057,"CCR7","ENSG00000126353",11715,2
"chr17",38755661,38755661,3.97857759495391e-09,0.000176179715669635,-53.3652312599681,"Distal Intergenic",-33925,"CCR7","ENSG00000126353",11715,2
"chr17",58514844,58514844,6.26881091252301e-08,0.00183826130041486,-42.4157303370786,"Distal Intergenic",14979,"CHCT1","ENSG00000141371",8923,1
"chr17",62736095,62736095,1.56295665840728e-08,0.000573379678042824,-43.4607645875252,"Distal Intergenic",41527,"ARHGAP27P1",NA,3366,2
"chr17",65544405,65544405,3.1362394525815e-09,0.000145060753436933,-45.0169327527818,"Intron (uc002jgb.4/26207, intron 2 of 9)",-169656,"NOL11","ENSG00000130935",26206,1
"chr17",71908335,71908335,3.48337554751392e-09,0.000157431571754251,-41.566265060241,"Distal Intergenic",-83659,"LINC00469","ENSG00000177338",79268,2
"chr17",72285144,72285144,1.12184890575273e-07,0.00300801417446784,-44.1871568393411,"Intron (uc002jkf.3/64446, intron 4 of 13)",14758,"DNAI2","ENSG00000171595",40638,1
"chr18",6357899,6357899,1.06067021133107e-09,5.60228948674638e-05,-48.0104370515329,"Intron (uc002kmz.4/91133, intron 1 of 19)",9783,"L3MBTL4","ENSG00000154655",412978,2
"chr18",6373655,6373655,3.78934794421615e-08,0.00123033718082139,-39.4301470588235,"Intron (uc010dkt.3/91133, intron 1 of 19)",769,"MIR4317","ENSG00000283532",65,2
"chr18",9911370,9911370,2.83211798547398e-11,2.79006677734025e-06,-57.7310924369748,"Distal Intergenic",-2585,"VAPA","ENSG00000101558",46064,1
"chr18",13319739,13319739,2.1946754483806e-08,0.000779052300605361,-46.4713064713065,"Intron (uc002ksb.3/753, intron 2 of 5)",41635,"LDLRAD4","ENSG00000168675",374650,1
"chr18",21631589,21631589,3.3939995133526e-09,0.000154990046805007,-48.9795918367347,"Intron (uc002kuu.3/125488, intron 1 of 13)",37205,"TTC39C","ENSG00000168234",121191,1
"chr18",54179483,54179483,4.27339352718399e-15,1.62906462927516e-09,-56.6025641025641,"Distal Intergenic",126253,"TXNL1","ENSG00000091164",30227,2
"chr18",57576653,57576653,1.67744877722628e-12,2.82838930355181e-07,-52.9444138690149,"Distal Intergenic",9461,"PMAIP1","ENSG00000141682",4347,1
"chr18",60826463,60826463,4.13664683844983e-10,2.46731371437853e-05,-52.3809523809524,"Intron (uc002lit.1/596, intron 2 of 2)",160150,"BCL2","ENSG00000171791",196035,2
"chr18",60828408,60828408,1.95808551738312e-17,2.23951142375157e-11,-71.7477656405164,"Intron (uc002lit.1/596, intron 2 of 2)",158205,"BCL2","ENSG00000171791",196035,2
"chr18",60828428,60828428,3.46145329222316e-18,1.01165046024665e-11,-66.25,"Intron (uc002lit.1/596, intron 2 of 2)",158185,"BCL2","ENSG00000171791",196035,2
"chr18",60924924,60924924,5.5677066119367e-09,0.000236974919426147,-51.7021276595745,"Intron (uc002lit.1/596, intron 2 of 2)",61689,"BCL2","ENSG00000171791",196035,2
"chr19",6248781,6248781,1.12296664583879e-12,2.14043620246371e-07,-40.9922041105599,"Intron (uc002mek.3/4298, intron 3 of 11)",31178,"MLLT1","ENSG00000130382",69568,2
"chr19",35481961,35481961,1.03188329221012e-07,0.0028361758844419,-48.4848484848485,"Distal Intergenic",-3727,"GRAMD1A","ENSG00000089351",19604,1
"chr19",45144173,45144173,1.95913815311051e-07,0.00473207587661454,-37.4144013280764,"Distal Intergenic",-2925,"PVR","ENSG00000073008",15265,1
"chr19",47808924,47808924,2.21393143255601e-08,0.000782718768731664,-41.1764705882353,"Distal Intergenic",-4180,"C5AR1","ENSG00000197405",12224,1
"chr2",8726563,8726563,1.83854262771617e-11,1.89762793016295e-06,-57.8285045361428,"Distal Intergenic",-95550,"ID2","ENSG00000115738",2471,1
"chr2",11320679,11320679,4.26870131245522e-08,0.00134148192917941,-40.9961685823755,"Distal Intergenic",25139,"SLC66A3","ENSG00000162976",23459,1
"chr2",11320708,11320708,2.69211055710218e-07,0.00605231532317569,-42.2321428571429,"Distal Intergenic",25168,"SLC66A3","ENSG00000162976",23459,1
"chr2",11342297,11342297,1.30711486789492e-07,0.00336087715009766,-28.8345864661654,"Intron (uc002rbd.1/9475, intron 20 of 32)",46757,"SLC66A3","ENSG00000162976",23459,1
"chr2",30378207,30378207,1.32834742632621e-16,9.70562919503735e-11,-67.5324675324675,"Intron (uc002rmz.4/51646, intron 1 of 2)",7825,"YPEL5","ENSG00000119801",13018,1
"chr2",33756449,33756449,3.80277103279453e-08,0.00123033718082139,-43.8889877246042,"Intron (uc002rox.3/25780, intron 11 of 18)",17507,"RASGRP3","ENSG00000152689",50857,1
"chr2",33756656,33756656,2.46316328314518e-08,0.000853622676127135,-38.8568896765618,"Intron (uc002rox.3/25780, intron 11 of 18)",17714,"RASGRP3","ENSG00000152689",50857,1
"chr2",38346701,38346701,1.5069712672787e-10,1.09197542337463e-05,-48.8835082055421,"Distal Intergenic",-11546,"CYP1B1-AS1","ENSG00000232973",50747,1
"chr2",61107125,61107125,4.10160615621384e-08,0.00129827725807689,-39.6435055289652,"Intron (uc002sal.1/400957, intron 1 of 2)",1324,"REL-DT","ENSG00000228414",33555,2
"chr2",61118547,61118547,2.23074800718189e-07,0.00516065190492817,-38.5190918472652,"Intron (uc002sam.1/5966, intron 1 of 10)",9795,"REL","ENSG00000162924",41427,1
"chr2",61413693,61413693,2.11226958748805e-07,0.00493868515897231,-37.5427204374573,"Intron (uc002sbb.2/130872, intron 6 of 6)",9138,"AHSA2P","ENSG00000293434",10132,1
"chr2",65521291,65521291,9.24445053646823e-09,0.000368427199256437,-34.3888987724604,"Distal Intergenic",66462,"ACTR2","ENSG00000138071",43562,1
"chr2",65521462,65521462,1.73855543336445e-11,1.85895104388984e-06,-46.969696969697,"Distal Intergenic",66633,"ACTR2","ENSG00000138071",43562,1
"chr2",65645014,65645014,9.69713481609439e-09,0.000384719697187566,-45.8333333333333,"Intron (uc002sdr.4/200734, intron 1 of 5)",14642,"SPRED2","ENSG00000198369",121672,2
"chr2",86066511,86066511,6.38797943886969e-09,0.000267985000046207,-39.3939393939394,"3' UTR",21904,"ST3GAL5","ENSG00000115525",22145,2
"chr2",86464522,86464522,3.31048562759228e-12,5.1831877693818e-07,-51.6806722689076,"Intron (uc002srh.4/65055, intron 5 of 6)",37966,"MRPL35","ENSG00000132313",13922,1
"chr2",86502318,86502318,6.57185699713814e-10,3.71737042618301e-05,-40.4090044388079,"Intron (uc002srh.4/65055, intron 2 of 6)",62459,"REEP1","ENSG00000068615",123658,2
"chr2",106723273,106723273,3.20101505555624e-07,0.00689583037335907,-48.0844645550528,"Intron (uc002tdl.3/80146, intron 5 of 9)",-9107,"UXS1","ENSG00000115652",4408,2
"chr2",136544979,136544979,8.44228975205521e-08,0.00236488038197459,-44.6265938069217,"Distal Intergenic",11357,"UBXN4","ENSG00000144224",9012,1
"chr2",148657673,148657673,1.27859020573706e-11,1.43724244047661e-06,-54.0511727078891,"Intron (uc002twg.3/92, intron 5 of 11)",55103,"ACVR2A","ENSG00000121989",85824,1
"chr2",157287396,157287396,1.69564517439643e-07,0.00421166224218299,-41.0569105691057,"Distal Intergenic",-4569,"GPD2","ENSG00000115159",150951,1
"chr2",158278347,158278347,6.61404545838214e-10,3.71737042618301e-05,-49.0123456790123,"Intron (uc002tzj.1/9595, intron 6 of 7)",22257,"CYTIP","ENSG00000115165",29474,2
"chr2",160751080,160751080,4.5812513386297e-09,0.000198850190715519,-39.2295280354982,"Intron (uc002ubb.4/100526664, intron 2 of 38)",10187,"LY75-CD302","ENSG00000248672",136129,2
"chr2",162831212,162831212,3.15635462753193e-07,0.0068331984072794,-35.9546761373245,"Intron (uc002ubx.4/57282, intron 24 of 26)",98784,"DPP4","ENSG00000197635",35185,2
"chr2",169261362,169261362,5.40060189303919e-11,4.88161688478835e-06,-50.9603072983355,"Distal Intergenic",-51397,"CERS6","ENSG00000172292",318886,1
"chr2",175556217,175556217,8.29258147789185e-08,0.00233038896818897,-47.2636815920398,"Intron (uc002uiw.3/uc002uiw.3, intron 2 of 3)",-8590,"WIPF1","ENSG00000115935",111731,2
"chr2",182650931,182650931,4.68388245786621e-08,0.00145629762753225,-47.6056338028169,"Distal Intergenic",-105539,"NEUROD1","ENSG00000162992",4560,2
"chr2",191658376,191658376,3.25019070750802e-07,0.00695477164557714,-35.024154589372,"Distal Intergenic",-87171,"GLS","ENSG00000115419",15681,1
"chr2",191659285,191659285,4.40148231937244e-11,4.1496290516832e-06,-54.8111190306486,"Distal Intergenic",-86262,"GLS","ENSG00000115419",15681,1
"chr2",191659420,191659420,2.54704705100656e-07,0.00581565996248639,-40.9213529777962,"Distal Intergenic",-86127,"GLS","ENSG00000115419",15681,1
"chr2",197308454,197308454,8.71159868568702e-12,1.07580305790249e-06,-50.4948646125117,"Intron (uc002utm.1/57520, intron 1 of 28)",-81508,"HECW2","ENSG00000138411",162970,2
"chr2",202081786,202081786,2.13288259169887e-07,0.00497361732393512,-42.4900310146212,"Intron (uc002uxj.1/843, intron 9 of 9)",-16380,"CASP8","ENSG00000064012",9483,1
"chr2",208199182,208199182,5.07327731869248e-07,0.00998254984697604,-34.5189701897019,"Distal Intergenic",-167212,"KLF7","ENSG00000118263",93109,2
"chr2",208199866,208199866,1.44209030874166e-07,0.00363334365304722,-45.6349206349206,"Distal Intergenic",-167896,"KLF7","ENSG00000118263",93109,2
"chr2",208860673,208860673,4.92105581952335e-12,7.07329414408417e-07,-54.0735400144196,"Intron (uc002vcl.2/389072, intron 2 of 7)",29611,"PLEKHM3","ENSG00000178385",204273,2
"chr2",208860706,208860706,1.09262710264188e-10,8.70908534087552e-06,-52.5881814017407,"Intron (uc002vcl.2/389072, intron 2 of 7)",29578,"PLEKHM3","ENSG00000178385",204273,2
"chr2",214022155,214022155,5.39267166728078e-09,0.000230644647455317,-50.3273108143493,"Distal Intergenic",-5822,"IKZF2","ENSG00000030419",151923,2
"chr2",231630807,231630807,1.40035499187487e-17,2.04635113121668e-11,-62.2446306966999,"Intron (uc002vqx.3/51719, intron 2 of 8)",-47940,"CAB39","ENSG00000135932",7044,1
"chr2",232026849,232026849,4.41574237978366e-07,0.00896217136454412,-41.9305019305019,"Intron (uc002vrm.2/5707, intron 20 of 23)",-36445,"ARMC9","ENSG00000135931",146616,1
"chr20",4754398,4754398,2.12211319051771e-15,8.86017933857034e-10,-56.25,"Distal Intergenic",21752,"RASSF2","ENSG00000101265",15482,2
"chr20",19414881,19414881,2.59066706204151e-08,0.000887288597764205,-43.3333333333333,"Intron (uc002wrl.3/57419, intron 2 of 16)",-149641,"SLC24A3-AS1","ENSG00000179447",42295,2
"chr20",22710843,22710843,1.60802247505153e-12,2.7752856709999e-07,-60.0267379679144,"Distal Intergenic",-144742,"FOXA2","ENSG00000125798",4460,2
"chr20",22710867,22710867,3.62286752209849e-17,3.27876019413919e-11,-65.0537634408602,"Distal Intergenic",-144766,"FOXA2","ENSG00000125798",4460,2
"chr20",35445790,35445790,6.70104328862517e-08,0.00195195225381192,-44.7667087011349,"Intron (uc002xgd.1/140710, intron 4 of 14)",42486,"MTCL2","ENSG00000149639",82432,2
"chr20",37463091,37463091,4.67966423111936e-07,0.00941863005969937,-31.030303030303,"Intron (uc002xje.3/26051, intron 1 of 10)",28743,"PPP1R16B","ENSG00000101445",117320,1
"chr20",48555173,48555173,4.87577339197694e-08,0.00150006348857034,-43.4155251141553,"Intron (uc002xux.3/55905, intron 1 of 5)",2259,"RNF114","ENSG00000124226",17509,1
"chr20",48555186,48555186,1.86937658084463e-07,0.00457832937343611,-41.6459369817579,"Intron (uc002xux.3/55905, intron 1 of 5)",2272,"RNF114","ENSG00000124226",17509,1
"chr20",49116708,49116708,1.04684943208666e-07,0.00286831937079391,-47.6190476190476,"Distal Intergenic",-10183,"PTPN1","ENSG00000196396",74196,1
"chr20",49565893,49565893,4.40729514163162e-07,0.00896217136454412,-41.9590643274854,"Intron (uc002xvw.1/8813, intron 2 of 8)",9167,"DPM1","ENSG00000000419",23656,2
"chr20",54797089,54797089,9.69413521340721e-08,0.00268977066464813,-30.0724637681159,"Distal Intergenic",-26699,"MC3R","ENSG00000124089",1084,1
"chr21",15939859,15939859,7.87575924536304e-13,1.56939772101136e-07,-57.6659038901602,"Intron (uc002yjv.1/64092, intron 2 of 8)",-14664,"SAMSN1-AS1","ENSG00000223662",16102,1
"chr21",32710821,32710821,4.64146754450246e-07,0.00939854627456954,-41.025641025641,"Intron (uc002yow.1/7074, intron 3 of 28)",-61597,"TIAM1","ENSG00000156299",158489,2
"chr21",34411545,34411545,1.18164622421544e-07,0.00310371669563307,-27.1428571428571,"Distal Intergenic",13329,"OLIG2","ENSG00000205927",3288,1
"chr21",36570494,36570494,7.15169862962175e-12,9.22132980088557e-07,-50.3938356164384,"Intron (uc002yut.1/861, intron 7 of 10)",-148853,"RUNX1","ENSG00000159216",261544,2
"chr21",36570586,36570586,1.0651571982379e-07,0.0029093899656815,-34.4628695025234,"Intron (uc002yut.1/861, intron 7 of 10)",-148945,"RUNX1","ENSG00000159216",261544,2
"chr21",43750686,43750686,5.00560662787904e-07,0.00990709330516423,-39.4319131161236,"Distal Intergenic",-14980,"TFF3","ENSG00000160180",3930,2
"chr21",44727040,44727040,3.19975983450862e-08,0.00106673095155437,-40.2251039882554,"Distal Intergenic",119962,"SIK1","ENSG00000142178",12605,2
"chr22",26039547,26039547,3.15977288579878e-08,0.00106309259126499,-39.3333333333333,"Intron (uc010gux.3/157, intron 2 of 15)",78686,"GRK3","ENSG00000100077",164398,1
"chr22",26039556,26039556,3.64836032473411e-13,8.41797031646358e-08,-57.0017636684303,"Intron (uc010gux.3/157, intron 2 of 15)",78695,"GRK3","ENSG00000100077",164398,1
"chr22",36054502,36054502,2.91687022536724e-07,0.00642580138276721,-40.8436724565757,"Intron (uc003aod.3/80830, intron 2 of 3)",10078,"APOL6","ENSG00000221963",20033,1
"chr22",40999202,40999202,5.65244063889963e-14,1.50181117874469e-08,-62.176288904728,"Intron (uc003ayw.1/57591, intron 1 of 14)",33488,"MRTFA","ENSG00000196588",226399,2
"chr3",4429529,4429529,6.75319098101767e-11,5.80499864152539e-06,-38.2074715408049,"Intron (uc003bps.2/285362, intron 7 of 12)",79437,"SUMF1","ENSG00000144455",685931,2
"chr3",4637580,4637580,1.34919354936168e-07,0.00343881708648039,-42.3679060665362,"Intron (uc010hbz.3/3708, intron 4 of 9)",102548,"ITPR1","ENSG00000150995",354493,1
"chr3",7576327,7576327,2.56232944440992e-07,0.00582024042372239,-31.8253343823761,"Intron (uc010hcf.2/2917, intron 7 of 11)",82859,"GRM7","ENSG00000196277",184661,1
"chr3",16551740,16551740,6.16995010147906e-11,5.46436523421385e-06,-62.0306513409962,"Intron (uc003cay.3/23180, intron 1 of 9)",3482,"RFTN1","ENSG00000131378",197871,2
"chr3",16551978,16551978,1.39460776763381e-10,1.04510392903471e-05,-52.1991203518592,"Intron (uc003cay.3/23180, intron 1 of 9)",3244,"RFTN1","ENSG00000131378",197871,2
"chr3",16783749,16783749,4.18955030892096e-07,0.00862285480195235,-30.6126126126126,"Distal Intergenic",-60410,"PLCL2","ENSG00000154822",208418,1
"chr3",27653168,27653168,4.20117156719241e-07,0.00862652340541055,-40.4870624048706,"Distal Intergenic",111038,"EOMES","ENSG00000163508",6767,2
"chr3",38577920,38577920,5.19415918291785e-10,3.05648486152719e-05,-48.6564996368918,"Distal Intergenic",40157,"EXOG","ENSG00000157036",30034,1
"chr3",63909182,63909182,3.61207529054383e-07,0.00755850724459395,-44.889573703133,"Intron (uc003dlv.3/6314, intron 4 of 11)",25107,"ATXN7","ENSG00000163635",105062,1
"chr3",71260929,71260929,1.62902299553901e-07,0.00406924052443864,-33.1014492753623,"Intron (uc003dol.3/27086, intron 1 of 16)",33387,"FOXP1","ENSG00000114861",290452,2
"chr3",119290611,119290611,7.50715793703979e-15,2.3507734863892e-09,-64.1414141414141,"Distal Intergenic",-7912,"ADPRH","ENSG00000144843",10270,1
"chr3",119290823,119290823,1.84861693760001e-07,0.00454016853096683,-45.6989247311828,"Distal Intergenic",-7700,"ADPRH","ENSG00000144843",10270,1
"chr3",119311944,119311944,5.68917603488052e-08,0.0017024525410337,-48.8888888888889,"Distal Intergenic",-4751,"PLA1A","ENSG00000144837",31964,1
"chr3",119366275,119366275,5.97520938438365e-10,3.42416717831861e-05,-45.7010785824345,"Intron (uc003ecx.1/64091, intron 3 of 3)",13129,"POPDC2","ENSG00000121577",18497,2
"chr3",135692945,135692945,1.84586063423272e-07,0.00454016853096683,-44.1071428571429,"Intron (uc003eqv.2/5523, intron 1 of 13)",8430,"PPP2R3A","ENSG00000073711",182238,1
"chr3",141119262,141119262,3.25102540864664e-07,0.00695477164557714,-40.7072368421053,"Intron (uc003etw.3/253461, intron 6 of 7)",-2398,"ZBTB38","ENSG00000177311",46973,1
"chr3",151878625,151878625,5.78743204506001e-08,0.00172011368511424,-36.0775862068965,"Distal Intergenic",-107204,"MBNL1","ENSG00000152601",197741,1
"chr3",184557845,184557845,1.12177536994013e-08,0.000435201840677479,-44.6659482758621,"3' UTR",15512,"VPS8","ENSG00000156931",228070,1
"chr3",185030175,185030175,2.4711781578491e-14,7.47135412056507e-09,-55.7104252595648,"Intron (uc010hyf.3/9175, intron 2 of 14)",-16508,"MAP3K13","ENSG00000073803",122640,1
"chr3",188016990,188016990,1.17613602416678e-07,0.00310371669563307,-41.9387755102041,"Intron (uc011bsg.2/4026, intron 1 of 9)",-42454,"LPP","ENSG00000145012",371187,1
"chr3",188017074,188017074,4.08473837491058e-08,0.001297622674673,-47.7090222012281,"Intron (uc011bsg.2/4026, intron 1 of 9)",-42370,"LPP","ENSG00000145012",371187,1
"chr3",190282702,190282702,8.96601639168602e-10,4.91329463567016e-05,-50.028940767895,"Intron (uc003fsk.3/3556, intron 3 of 8)",50862,"IL1RAP","ENSG00000196083",143147,1
"chr3",192548705,192548705,6.17772254939295e-08,0.0018176296476466,-46.4488636363636,"Intron (uc011bsp.2/151963, intron 1 of 1)",87245,"MB21D2","ENSG00000180611",121346,2
"chr4",873708,873708,4.87597239346889e-08,0.00150006348857034,-44.422231107557,"Intron (uc003gbl.4/2580, intron 12 of 24)",-7147,"GAK","ENSG00000178950",23497,2
"chr4",8421532,8421532,8.91361209240122e-08,0.00248895671896111,-46.0360852925096,"Intron (uc010idk.3/8310, intron 1 of 17)",8676,"ACOX3","ENSG00000087008",62200,2
"chr4",14845942,14845942,5.29291248439442e-18,1.16018697180885e-11,-67.9047619047619,"Intron (uc003gne.3/uc003gne.3, intron 2 of 6)",150187,"CPEB2-DT","ENSG00000247624",17606,2
"chr4",78503055,78503055,8.97022565353012e-11,7.41977550566252e-06,-51.4285714285714,"Intron (uc003hkr.3/10563, intron 1 of 4)",70148,"CXCL13","ENSG00000156234",100082,1
"chr4",103443187,103443187,5.47394408465757e-10,3.19964915606393e-05,-48.8732394366197,"Intron (uc011cep.2/4790, intron 1 of 23)",20701,"NFKB1","ENSG00000109320",115974,1
"chr4",103477967,103477967,5.56040249816757e-08,0.00167255905983322,-48.247597512719,"Intron (uc011cep.2/4790, intron 5 of 23)",-20904,"NFKB1","ENSG00000109320",39589,1
"chr4",103484264,103484264,2.28946340001058e-08,0.000806171833566361,-44.6519524617997,"Intron (uc011cep.2/4790, intron 5 of 23)",-14607,"NFKB1","ENSG00000109320",39589,1
"chr4",103520170,103520170,2.32945361859746e-08,0.000816510223890181,-47.521186440678,"Intron (uc011cep.2/4790, intron 15 of 23)",21299,"NFKB1","ENSG00000109320",39589,1
"chr4",103520476,103520476,1.01671562588879e-15,4.95245177885842e-10,-59.4307073030477,"Intron (uc011cep.2/4790, intron 15 of 23)",21605,"NFKB1","ENSG00000109320",39589,1
"chr4",139221402,139221402,1.549952173648e-11,1.69871911173207e-06,-52.7046520014425,"Distal Intergenic",-9463,"LINC00499","ENSG00000251372",114634,1
"chr4",141902126,141902126,2.91676650842631e-07,0.00642580138276721,-39.0566037735849,"Intron (uc003iio.1/57484, intron 1 of 6)",152490,"RNF150","ENSG00000170153",267892,2
"chr4",154443915,154443915,2.54802263787206e-08,0.000876105414047942,-55.5555555555556,"Intron (uc003inm.4/23240, intron 3 of 34)",-33024,"TMEM131L","ENSG00000121210",80924,1
"chr4",185203123,185203123,4.68620929239849e-07,0.00941863005969937,-42.0980302336235,"Distal Intergenic",-64009,"ENPP6","ENSG00000164303",129256,2
"chr5",66588160,66588160,3.87954762583311e-08,0.00125056262815222,-45.9269128283213,"Distal Intergenic",-95543,"CD180","ENSG00000134061",14514,2
"chr5",70819908,70819908,3.87103965497181e-09,0.000172287852017617,-47.1506105834464,"Exon (uc003kbo.3/55814, exon 25 of 32)",1754,"BDP1","ENSG00000145734",45496,1
"chr5",70819926,70819926,1.48214878695307e-10,1.09197542337463e-05,-53.5052012663953,"Exon (uc003kbo.3/55814, exon 25 of 32)",1772,"BDP1","ENSG00000145734",45496,1
"chr5",71774656,71774656,1.76810482963965e-11,1.86776907520105e-06,-52.3517023517024,"Intron (uc003kce.1/167465, intron 1 of 4)",28593,"ZNF366","ENSG00000178175",64016,2
"chr5",75259522,75259522,1.22296161469505e-07,0.0031818242504613,-45.2151009657594,"Distal Intergenic",-119783,"SV2C","ENSG00000122012",242112,1
"chr5",78884926,78884926,2.33534134469337e-07,0.00536019102959172,-36.3380281690141,"Distal Intergenic",-23317,"TENT2","ENSG00000164329",74229,1
"chr5",106706404,106706404,1.74912537979845e-08,0.000631114168600067,-50.2845163222522,"Distal Intergenic",300192,"EFNA5","ENSG00000184349",294007,2
"chr5",110450169,110450169,3.71522643113152e-08,0.00121095016347634,-40.3694479036945,"Intron (uc003kpd.3/134430, intron 16 of 22)",22299,"WDR36","ENSG00000134987",38331,1
"chr5",110455702,110455702,8.00183899630375e-11,6.81154839353322e-06,-35.9722909450767,"Intron (uc003kpd.3/134430, intron 17 of 22)",27832,"WDR36","ENSG00000134987",38331,1
"chr5",138090937,138090937,1.57862143324287e-09,7.77591053317483e-05,-40.9456005841548,"Intron (uc003ldh.3/1495, intron 1 of 17)",1830,"CTNNA1","ENSG00000044115",181617,1
"chr5",142593567,142593567,4.98794090490053e-08,0.00152914450625074,-42.7971014492754,"Exon (uc003lmt.3/23092, exon 22 of 23)",186850,"NR3C1","ENSG00000113580",119267,2
"chr5",142593572,142593572,3.93450275437545e-07,0.0081361183908423,-37.847866419295,"Exon (uc003lmt.3/23092, exon 22 of 23)",186845,"NR3C1","ENSG00000113580",119267,2
"chr5",142593639,142593639,1.39001245654785e-09,6.94220482583546e-05,-50.2934628617689,"Exon (uc003lmt.3/23092, exon 22 of 23)",186778,"NR3C1","ENSG00000113580",119267,2
"chr5",142593646,142593646,7.33876773551749e-09,0.000303515269230213,-52.0021074815595,"Exon (uc003lmt.3/23092, exon 22 of 23)",186771,"NR3C1","ENSG00000113580",119267,2
"chr5",145388463,145388463,2.07618102444241e-07,0.00491990544015083,-43.1159420289855,"Intron (uc003lnt.3/153769, intron 4 of 9)",-41170,"SH3RF2","ENSG00000156463",10155,1
"chr5",156912851,156912851,2.62713741375954e-09,0.000123178367846672,-43.8664596273292,"Intron (uc003lww.3/8728, intron 21 of 22)",17137,"ADAM19","ENSG00000135074",25677,2
"chr5",157039261,157039261,3.57031821116202e-11,3.44000279329788e-06,-52.5323275862069,"Distal Intergenic",-36430,"ADAM19","ENSG00000135074",98520,2
"chr5",158826243,158826243,8.09483629349397e-09,0.000329638873503397,-45.421831267493,"Distal Intergenic",67041,"LINC01845","ENSG00000253298",17721,2
"chr5",172243003,172243003,3.85015113962591e-10,2.31216160373113e-05,-53.1400966183575,"Distal Intergenic",-18220,"ERGIC1","ENSG00000113719",118466,1
"chr6",357057,357057,3.65077368854282e-07,0.00762129695756995,-32.4767632586113,"Distal Intergenic",-34682,"IRF4","ENSG00000137265",10899,1
"chr6",357123,357123,4.32072512677010e-09,0.000190369261221834,-37.5854700854701,"Distal Intergenic",-34616,"IRF4","ENSG00000137265",10899,1
"chr6",457017,457017,7.36660178384975e-08,0.00211768137450436,-43.723986856517,"Distal Intergenic",59961,"IRF4","ENSG00000137265",5582,1
"chr6",4357438,4357438,1.82252419527123e-09,8.82852172659012e-05,-43.2146957520092,"Distal Intergenic",-221607,"ECI2","ENSG00000198721",19905,2
"chr6",4788974,4788974,2.92998131767263e-07,0.00642923394339015,-44.3609022556391,"Intron (uc003mwi.3/9425, intron 3 of 8)",12294,"CDYL","ENSG00000153046",179099,1
"chr6",14072404,14072404,8.73340201779821e-14,2.18780530065826e-08,-56.6233766233766,"Distal Intergenic",-45083,"CD83","ENSG00000112149",19662,1
"chr6",14108844,14108844,1.79500055264618e-09,8.74350059509836e-05,-48.0615942028985,"Distal Intergenic",-8643,"CD83","ENSG00000112149",19662,1
"chr6",14875988,14875988,1.08627270870313e-09,5.70316136687612e-05,-47.8307254623044,"Distal Intergenic",-369746,"JARID2","ENSG00000008083",251668,1
"chr6",16981475,16981475,1.04128966408369e-09,5.5332574289064e-05,-42.1052631578947,"Distal Intergenic",-121014,"STMND1","ENSG00000230873",29115,1
"chr6",42188661,42188661,3.84825949720056e-07,0.00799549141508648,-43.108504398827,"Distal Intergenic",-3028,"MRPS10","ENSG00000048544",11095,2
"chr6",42188814,42188814,2.02593927705537e-07,0.0048400920627978,-37.3487903225806,"Distal Intergenic",-3181,"MRPS10","ENSG00000048544",11095,2
"chr6",46067913,46067913,4.9358396545799e-07,0.00979111239190321,-28.968253968254,"Distal Intergenic",-19828,"CLIC5","ENSG00000112782",181896,2
"chr6",52528026,52528026,1.91935143095727e-11,1.95681294173371e-06,-58.5988651243998,"Promoter (1-2kb)",-1173,"LOC730101","ENSG00000291006",4753,1
"chr6",89723140,89723140,1.96256753934482e-10,1.36567490370371e-05,-56.3275434243176,"Distal Intergenic",-49792,"RNGTT","ENSG00000111880",285636,2
"chr6",89723302,89723302,8.86655250864612e-16,4.57297820355271e-10,-62.3715264560335,"Distal Intergenic",-49954,"RNGTT","ENSG00000111880",285636,2
"chr6",91121240,91121240,4.78193811228417e-07,0.00955064479843215,-41.0714285714286,"Distal Intergenic",98779,"MIR4464","ENSG00000266760",92,1
"chr6",99418369,99418369,1.73237205486725e-08,0.000627652215118905,-37.7578001057641,"Distal Intergenic",-22520,"FBXL4","ENSG00000112234",74249,2
"chr6",99459459,99459459,2.14062009175822e-07,0.00497841973514449,-34.7435897435897,"Distal Intergenic",-63610,"FBXL4","ENSG00000112234",74249,2
"chr6",106059818,106059818,8.72244102129865e-11,7.35356549196575e-06,-48.401218119528,"Distal Intergenic",-208819,"PREP","ENSG00000085377",125558,2
"chr6",111721013,111721013,1.68621461610713e-07,0.00420013692205714,-40.4416212946158,"Intron (uc003pux.4/5980, intron 6 of 33)",-31782,"REV3L","ENSG00000009413",56960,2
"chr6",113945317,113945317,5.22692019179546e-08,0.00159682467415959,-41.9354838709677,"Distal Intergenic",-233210,"MARCKS","ENSG00000277443",6126,1
"chr6",114228835,114228835,8.95226271845497e-08,0.00249181345983899,-46.4067796610169,"Intron (uc003pwb.2/285759, intron 1 of 3)",3284,"LINC02880","ENSG00000175967",17256,1
"chr6",130203668,130203668,2.13383750744799e-10,1.46165419523125e-05,-49.0740740740741,"Distal Intergenic",-20976,"ARHGAP18","ENSG00000146376",253655,2
"chr6",138113400,138113400,9.93552490560835e-10,5.31178185073214e-05,-41.8382352941177,"Distal Intergenic",-74925,"TNFAIP3","ENSG00000118503",16127,1
"chr6",138136965,138136965,3.39833482498423e-10,2.12829288299111e-05,-52.9382093316519,"Distal Intergenic",-51360,"TNFAIP3","ENSG00000118503",16127,1
"chr6",138170973,138170973,1.37163298594425e-08,0.00050958798559257,-48.5994397759104,"Intron (uc003qhq.2/100130476, intron 3 of 3)",-17352,"TNFAIP3","ENSG00000118503",16127,1
"chr6",146915083,146915083,2.48265428817335e-07,0.00568343289136035,-44.8548291526763,"Distal Intergenic",-5053,"ADGB","ENSG00000118492",216462,1
"chr6",149492401,149492401,3.4636900387081e-08,0.00115034565423829,-37.1411483253589,"Distal Intergenic",-47358,"TAB2","ENSG00000055208",192989,1
"chr6",150322657,150322657,1.93236671544915e-15,8.53854709063039e-10,-64.7916666666667,"Exon (uc003qnq.3/646024, exon 2 of 4)",3623,"RAET1K","ENSG00000290917",7126,2
"chr6",154926877,154926877,3.71072807865545e-10,2.2751831121702e-05,-40.7203907203907,"Distal Intergenic",-95124,"IPCEF1","ENSG00000074706",356136,2
"chr6",158778705,158778705,3.16333455455739e-08,0.00106309259126499,-46.6089466089466,"Intron (uc011efo.2/56995, intron 1 of 7)",45013,"TULP4","ENSG00000130338",199165,1
"chr6",160479355,160479355,3.83627534513798e-10,2.31216160373113e-05,-46.8614718614719,"Intron (uc003qta.3/3482, intron 21 of 47)",-34759,"CHP1P2",NA,3131,1
"chr6",167152952,167152952,2.27038037429536e-07,0.00522476679542582,-34.0664711632454,"Intron (uc003qvc.1/6196, intron 2 of 21)",-112226,"RPS6KA2","ENSG00000071242",217873,2
"chr7",67767,67767,1.30940599489026e-08,0.000488539546665881,-42.3076923076923,"Distal Intergenic",-125202,"FAM20C","ENSG00000177706",107772,1
"chr7",1006728,1006728,4.62938501499629e-13,1.00678816984364e-07,-53.2586367880486,"3' UTR",8507,"ADAP1","ENSG00000105963",77699,2
"chr7",1006746,1006746,1.60922154958548e-09,7.88235646506788e-05,-46.0084033613445,"3' UTR",8489,"ADAP1","ENSG00000105963",77699,2
"chr7",5622551,5622551,4.74012330542368e-07,0.00948874533863678,-48.2222222222222,"Distal Intergenic",-9885,"FSCN1","ENSG00000075618",13852,1
"chr7",6422828,6422828,2.84544664414096e-10,1.8758239126978e-05,-48.6808236808237,"Intron (uc003spw.3/5879, intron 1 of 6)",8702,"RAC1","ENSG00000136238",29473,1
"chr7",21578653,21578653,1.13368739346841e-07,0.00302127795475415,-43.0985915492958,"Distal Intergenic",-4180,"DNAH11","ENSG00000105877",358354,1
"chr7",27789203,27789203,5.81162182169113e-09,0.000244978106335079,-50.3846153846154,"Intron (uc011jzo.2/8887, intron 2 of 16)",9489,"TAX1BP1","ENSG00000106052",89673,1
"chr7",28519090,28519090,2.09414068026309e-07,0.00492090300897837,-31.2354312354312,"Intron (uc003szo.3/9586, intron 1 of 9)",43856,"CREB5","ENSG00000146592",390278,1
"chr7",28519224,28519224,1.09795449840352e-07,0.00297120484510587,-38.875,"Intron (uc003szo.3/9586, intron 1 of 9)",43990,"CREB5","ENSG00000146592",390278,1
"chr7",28519249,28519249,6.69447343222754e-15,2.34784637217125e-09,-59.9804305283757,"Intron (uc003szo.3/9586, intron 1 of 9)",44015,"CREB5","ENSG00000146592",390278,1
"chr7",28519256,28519256,3.18921145004558e-10,2.01169333388401e-05,-43.8399438399438,"Intron (uc003szo.3/9586, intron 1 of 9)",44022,"CREB5","ENSG00000146592",390278,1
"chr7",41345939,41345939,7.63356472013182e-08,0.00218012943705653,-41.1147388059702,"Distal Intergenic",-387575,"INHBA-AS1","ENSG00000224116",19279,1
"chr7",50420101,50420101,3.17672133995657e-08,0.00106309259126499,-33.5966735966736,"Intron (uc003tov.1/10320, intron 3 of 3)",52867,"IKZF1","ENSG00000185811",105565,1
"chr7",50420385,50420385,1.12000881667173e-08,0.000435201840677479,-42.7103159497526,"Intron (uc003tov.1/10320, intron 3 of 3)",53151,"IKZF1","ENSG00000185811",105565,1
"chr7",73645530,73645530,2.34235090642583e-10,1.56773958322588e-05,-47.4667902378746,"Distal Intergenic",21443,"LAT2","ENSG00000086730",20078,1
"chr7",93860763,93860763,2.3374486891592e-08,0.000816510223890181,-39.6895424836601,"Distal Intergenic",-163110,"COL1A2","ENSG00000164692",36672,1
"chr7",98739496,98739496,1.42018026320006e-12,2.5412105822379e-07,-50.36866359447,"Intron (uc003upt.3/57154, intron 1 of 17)",2247,"SMURF1","ENSG00000198742",116686,2
"chr7",98739627,98739627,9.17041740777827e-09,0.000367145535357047,-43.8763767877692,"Intron (uc003upt.3/57154, intron 1 of 17)",2116,"SMURF1","ENSG00000198742",116686,2
"chr7",105429261,105429261,1.38915513782038e-08,0.000513920173534313,-35.3329664281783,"Intron (uc003vde.2/222255, intron 2 of 11)",87770,"ATXN7L1","ENSG00000146776",271811,2
"chr7",110753971,110753971,1.83965644878776e-11,1.89762793016295e-06,-51.2888496096627,"Intron (uc003vfs.4/54674, intron 1 of 1)",22909,"LRRN3","ENSG00000173114",34448,1
"chr7",130334104,130334104,3.49992433376814e-07,0.00740169296686631,-39.321172939275,"Intron (uc003vqh.1/26958, intron 5 of 13)",19494,"COPG2","ENSG00000158623",207519,2
"chr7",139354288,139354288,7.56312447550642e-10,4.19698506353914e-05,-47.8883861236802,"Intron (uc003vvd.4/28996, intron 2 of 14)",123405,"HIPK2","ENSG00000064393",231378,2
"chr7",148245261,148245261,4.88187492967606e-12,7.07329414408417e-07,-59.0163934426229,"Distal Intergenic",-42396,"C7orf33","ENSG00000170279",25296,1
"chr7",148854313,148854313,3.53001143242457e-07,0.007440053246659,-44.1643323996265,"Intron (uc011kul.2/57541, intron 3 of 6)",8808,"ZNF398","ENSG00000197024",34614,1
"chr7",157089894,157089894,3.25217172124295e-07,0.00695477164557714,-40.625,"Distal Intergenic",-39816,"DNAJB6","ENSG00000105993",49309,1
"chr8",630481,630481,6.42938396004027e-09,0.000268437589366226,-34.5507246376812,"Intron (uc003wph.3/157697, intron 3 of 5)",-6434,"ERICH1","ENSG00000104714",8056,2
"chr8",672356,672356,1.11879554381737e-07,0.00300801417446784,-32.9672375279226,"Intron (uc003wph.3/157697, intron 1 of 5)",8870,"ERICH1","ENSG00000104714",67027,2
"chr8",19248397,19248397,1.19020067422596e-09,6.06715384431702e-05,-46.9894366197183,"Intron (uc003wzb.3/63898, intron 8 of 9)",76910,"SH2D4A","ENSG00000104611",82243,1
"chr8",22105749,22105749,4.41309599511468e-07,0.00896217136454412,-40.6693711967546,"Exon (uc003xbl.3/661, exon 5 of 9)",2820,"POLR3D","ENSG00000168495",5752,1
"chr8",22105788,22105788,1.13437629288713e-09,5.84521415243294e-05,-48.2398956975228,"Exon (uc003xbl.3/661, exon 5 of 9)",2859,"POLR3D","ENSG00000168495",5752,1
"chr8",27558327,27558327,1.40849396117707e-09,6.9771006068499e-05,-52.027027027027,"Promoter (<=1kb)",-867,"MIR3622A","ENSG00000284351",83,1
"chr8",28048578,28048578,6.0237460286247e-12,8.12543384500689e-07,-51.7857142857143,"3' UTR",97994,"ELP3","ENSG00000134014",98086,1
"chr8",28055220,28055220,2.40642840370014e-10,1.59842504698517e-05,-45.5223880597015,"Distal Intergenic",104636,"ELP3","ENSG00000134014",98086,1
"chr8",29357732,29357732,2.64329600735392e-21,1.52952749943842e-14,-67.5386996904025,"Distal Intergenic",-149465,"DUSP4","ENSG00000120875",17689,2
"chr8",38803739,38803739,1.30430109157945e-09,6.57236799113906e-05,-45.8461538461538,"Exon (uc003xmi.4/59339, exon 5 of 13)",-27929,"HTRA4","ENSG00000169495",14514,1
"chr8",48437852,48437852,7.85707453686431e-08,0.00223667775798998,-39.405684754522,"Intron (uc011lcz.2/23514, intron 7 of 7)",84967,"SPIDR","ENSG00000164808",295679,1
"chr8",56860475,56860475,2.93309384012535e-07,0.00642923394339015,-38.551051051051,"Intron (uc003xsk.4/4067, intron 4 of 12)",68089,"LYN","ENSG00000254087",132621,1
"chr8",56902022,56902022,1.2695398601658e-07,0.00328352180993877,-46.4851347596555,"Intron (uc003xsk.4/4067, intron 10 of 12)",84438,"SNORD54","ENSG00000238650",63,2
"chr8",59700877,59700877,1.66412489026591e-11,1.80133364142461e-06,-57.089552238806,"Distal Intergenic",-128473,"NSMAF","ENSG00000035681",76341,2
"chr8",59700886,59700886,1.11068684318811e-09,5.76233078473535e-05,-51.2539184952978,"Distal Intergenic",-128482,"NSMAF","ENSG00000035681",76341,2
"chr8",103567668,103567668,4.53486402564809e-12,6.73915616625496e-07,-58.5181451612903,"Intron (uc003ykt.2/4956, intron 1 of 1)",3820,"ODF1","ENSG00000155087",9398,1
"chr8",104085236,104085236,4.04075865108138e-14,1.10714931453871e-08,-54.6071610385203,"3' UTR",51945,"ATP6V1C1","ENSG00000155097",51995,1
"chr8",104089133,104089133,1.09783045487284e-09,5.7295333944608e-05,-47.822299651568,"Distal Intergenic",55842,"ATP6V1C1","ENSG00000155097",51995,1
"chr8",118959030,118959030,5.49945166508294e-08,0.00166270289854492,-48.9130434782609,"Intron (uc003yok.1/2131, intron 1 of 10)",165028,"EXT1","ENSG00000182197",312457,2
"chr8",119011135,119011135,1.02343092824962e-08,0.000402389775167472,-42.6406926406926,"Intron (uc003yok.1/2131, intron 1 of 10)",112923,"EXT1","ENSG00000182197",312457,2
"chr8",126307310,126307310,3.86180335185433e-07,0.00800466295484791,-31.4429012345679,"Intron (uc003yrw.2/286053, intron 5 of 7)",-135253,"TRIB1","ENSG00000173334",8082,1
"chr8",126655433,126655433,1.88071700859652e-08,0.000670319120364216,-45.0956937799043,"Distal Intergenic",209490,"TRIB1","ENSG00000173334",4702,1
"chr8",131088183,131088183,1.62308101041623e-07,0.00406598165382707,-43.9526045159848,"Intron (uc003ysz.2/50807, intron 21 of 23)",8831,"ASAP1-IT2","ENSG00000280543",2031,2
"chr8",134205961,134205961,2.7614786615751e-11,2.75139080759043e-06,-53.1071292413267,"Intron (uc003yub.3/8840, intron 1 of 4)",2679,"CCN4","ENSG00000104415",40651,1
"chr8",142416550,142416550,3.8385122459218e-10,2.31216160373113e-05,-56.2578616352201,"Intron (uc010mes.3/uc010mes.3, intron 1 of 1)",-15457,"PTP4A3","ENSG00000184489",9614,1
"chr9",5312403,5312403,4.20459910609712e-08,0.00132609018340088,-32.5745366639807,"Distal Intergenic",-7792,"RLN2","ENSG00000107014",4746,2
"chr9",22026917,22026917,3.56132125705885e-07,0.00748804351259758,-35.9477124183006,"Intron (uc003zpi.1/4507, intron 4 of 4)",-17605,"CDKN2B","ENSG00000147883",6411,2
"chr9",27357666,27357666,9.08766577881059e-09,0.000365501459269334,-37.594696969697,"Intron (uc003zqn.3/79817, intron 3 of 3)",-60529,"EQTN","ENSG00000120160",4998,2
"chr9",75169360,75169360,7.98250247099418e-09,0.000327809559340779,-39.5847066578774,"Intron (uc004aiz.1/117531, intron 1 of 23)",-23458,"TMC1","ENSG00000165091",252628,1
"chr9",77716009,77716009,4.61293463527155e-09,0.000199239078884956,-47.0827679782904,"Intron (uc004ajv.4/26578, intron 1 of 9)",12508,"OSTF1","ENSG00000134996",58614,1
"chr9",77716078,77716078,3.17203321773915e-08,0.00106309259126499,-44.5238095238095,"Intron (uc004ajv.4/26578, intron 1 of 9)",12577,"OSTF1","ENSG00000134996",58614,1
"chr9",80582020,80582020,1.95618651272776e-07,0.00473207587661454,-38.7703435804702,"Intron (uc004akw.3/2776, intron 1 of 6)",64199,"GNAQ","ENSG00000156052",311029,2
"chr9",100139494,100139494,1.23353651783554e-08,0.000468202031204057,-45.4996186117468,"3' UTR",19479,"LOC286359",NA,5855,2
"chr9",101941296,101941296,1.32816666894944e-12,2.42607712081823e-07,-59.645852749301,"Distal Intergenic",42950,"ALG2","ENSG00000119523",5540,2
"chr9",101941299,101941299,1.28914635101356e-07,0.00332442522537696,-41.3513513513514,"Distal Intergenic",42947,"ALG2","ENSG00000119523",5540,2
"chr9",102025469,102025469,3.60326609692685e-07,0.00755811187553146,-38.7444514901712,"Distal Intergenic",40899,"SEC61B","ENSG00000106803",8332,1
"chr9",102031699,102031699,2.63092221796156e-07,0.00592995871321229,-45,"Distal Intergenic",47129,"SEC61B","ENSG00000106803",8332,1
"chr9",102038803,102038803,1.35826855831597e-07,0.00345191278911181,-40.2886454529647,"Distal Intergenic",54233,"SEC61B","ENSG00000106803",8332,1
"chr9",102272454,102272454,6.64517475440406e-08,0.00194213052471803,-49.1913746630728,"Distal Intergenic",-134915,"NAMA","ENSG00000271086",8859,2
"chr9",110945527,110945527,1.3935316232024e-09,6.94220482583546e-05,-44.0517998244074,"Distal Intergenic",672748,"ACTL7B","ENSG00000148156",1407,2
"chr9",112878952,112878952,3.94092330098443e-08,0.00126107432066945,-41.9753086419753,"Intron (uc004bei.2/445815, intron 8 of 8)",-8829,NA,NA,47011,1
"chr9",113014638,113014638,4.87882551921995e-07,0.00972200572990331,-45.3828170660433,"Intron (uc004bep.2/7295, intron 1 of 4)",4282,"TXN","ENSG00000136810",12829,2
"chr9",113020915,113020915,2.15762523097845e-07,0.00500469337652939,-42.5396825396825,"Promoter (1-2kb)",-1995,"TXN","ENSG00000136810",12829,2
"chr9",113021480,113021480,5.0490570131983e-12,7.1402241831201e-07,-62.4764890282132,"Distal Intergenic",-2560,"TXN","ENSG00000136810",12829,2
"chr9",114791107,114791107,8.79697034306106e-10,4.85097756337172e-05,-43.6752136752137,"Intron (uc022bma.1/100422990, intron 2 of 2)",96727,"MIR4668","ENSG00000266315",70,1
"chr9",114791112,114791112,2.15621917498527e-10,1.46553588146916e-05,-45.0511286899479,"Intron (uc022bma.1/100422990, intron 2 of 2)",96732,"MIR4668","ENSG00000266315",70,1
"chr9",114791149,114791149,1.25798792705361e-07,0.00326327020228269,-42.5213675213675,"Intron (uc022bma.1/100422990, intron 2 of 2)",96769,"MIR4668","ENSG00000266315",70,1
"chr9",114795667,114795667,5.2616522407263e-12,7.208342757742e-07,-50.0900900900901,"Intron (uc022bma.1/100422990, intron 2 of 2)",101287,"MIR4668","ENSG00000266315",70,1
"chr9",114835494,114835494,3.27564136231639e-14,9.31339532296356e-09,-63.6573539598245,"Intron (uc022bma.1/100422990, intron 2 of 2)",102062,"SUSD1","ENSG00000106868",134496,2
"chr9",114836804,114836804,2.23499385603661e-10,1.50739213065466e-05,-49.0079365079365,"Intron (uc022bma.1/100422990, intron 2 of 2)",100752,"SUSD1","ENSG00000106868",134496,2
"chr9",114857452,114857452,5.0853655808754e-07,0.00998254984697604,-45.5685618729097,"Intron (uc022bma.1/100422990, intron 2 of 2)",80104,"SUSD1","ENSG00000106868",134496,2
"chr9",116668852,116668852,5.65518724492e-10,3.28369872427477e-05,-49.6433144320468,"Intron (uc004bib.1/114991, intron 1 of 8)",30290,"ZNF618","ENSG00000157657",180314,1
"chr9",116692410,116692410,6.55652696330522e-13,1.33689918455661e-07,-49.482163406214,"Intron (uc004bib.1/114991, intron 1 of 8)",53848,"ZNF618","ENSG00000157657",180314,1
"chr9",126345390,126345390,4.39586653435418e-08,0.00137651113581608,-51.9674355495251,"Intron (uc011lzl.1/57706, intron 4 of 13)",69012,"DENND1A","ENSG00000119522",272470,2
"chr9",126345430,126345430,5.39723602404339e-15,1.97175718073769e-09,-58.3333333333333,"Intron (uc011lzl.1/57706, intron 4 of 13)",68972,"DENND1A","ENSG00000119522",272470,2
"chr9",126345450,126345450,2.62503024571585e-11,2.6455033847779e-06,-55.4838709677419,"Exon (uc011lzl.1/57706, exon 4 of 14)",68952,"DENND1A","ENSG00000119522",272470,2
"chr9",126345453,126345453,7.28544984026757e-15,2.3507734863892e-09,-62.9499766245909,"Exon (uc011lzl.1/57706, exon 4 of 14)",68949,"DENND1A","ENSG00000119522",272470,2
"chr9",126345519,126345519,4.04992276089515e-08,0.0012912410048518,-42.0955882352941,"Exon (uc011lzl.1/57706, exon 4 of 14)",68883,"DENND1A","ENSG00000119522",272470,2
"chr9",132696722,132696722,1.06192804412007e-10,8.54204499179356e-06,-47.7777777777778,"Intron (uc004byw.1/23048, intron 6 of 16)",-15133,"FNBP1","ENSG00000187239",32124,2
"chr9",136822517,136822517,4.39606917055523e-07,0.00896217136454412,-35.6493506493506,"Intron (uc004cer.3/7410, intron 1 of 26)",34929,"VAV2","ENSG00000160293",230431,2
"chrX",46440255,46440255,4.14183951569075e-11,3.94728698177734e-06,-62.6909518213866,"Intron (uc004dgt.3/56548, intron 1 of 1)",7063,"CHST7","ENSG00000147119",24647,1
